name,link
Chemistry,#
Adapters,/adapters-3
Airfree Schlenk Glassware,/airfree-schlenk-glassware-equipment
Ampuls,/airfree-ampuls
Arsine Generator,/arsine-generator
Baffles,/baffles
Balances & Accessories,/balances-and-accessories
Bath Beads,/bath-beads
Beakers,/beakers
"Benchtop Reactor, ChemRxnHub",/benchtop-reactor-chemrxnhub-glass
Blocks,/blocks
"Bottles, Carboys & Jars",/bottles-carboys-and-jars
Brushes,/brushes
Bubbler,/bubbler
Calibration Weights,/calibration-weights
Carts,/carts
Centrifuge,/centrifuge
Chromatography,/chromatography
Circulators & Accessories,/circulators-accessories
"Clamps, Supports & Stands",/clamps-supports-and-stands
Compression Fittings,/compression-fittings-pfa-2
Condensers,/condensers
Cylinders,/cylinders
Data Loggers,/data-loggers
Desiccators,/desiccators
Detergent,/detergent
Dish,/dish
Dispensers,/dispensers
Distillation Equipment,/distillation-equipment
Drying Apparatus,/drying-apparatus
"Evaporation, Rotary",/evaporation
Extraction Equipment,/extraction-equipment
"Filter Reactor System, Complete",/filter-reactor
Filtration Equipment,/filtration-equipment
Flasks,/flasks
Flowmeters,/flowmeters
Funnels,/funnels
Gas Sampling Apparatus,/gas-sampling-apparatus
Glassblowing Supplies,/glassblowing-supplies
Gloves,/gloves
Heat Guns,/heat-guns
Heating Mantles,/heating-mantles
"Hot Plates, Stirrers & Accessories",/hot-plates-stirrers-and-accessories
"Huber Unistats, Chillers & Circulators",/huber-unistats-chillers-and-circulators
Jars,/jars
Joints & Flanges,/joints-and-flanges
"Lab Jack, Support",/lab-jack-support
"Labels & Tape, Laboratory",/labels-and-tape-laboratory
Laboratory Glassware Kits,/chemistry-laboratory-glassware-kits
Liquid Handling,/liquid-handling
"Micro-Scale Glassware, MINUM-WARE",/micro-scale-glassware-minum-ware
Microwave Vials,/microwave-vials
"NMR Tubes, Cleaners and Accessories",/nmr-tubes-cleaners-and-accessories
Oil Baths,/oil-baths
O-Rings,/o-rings
Ovens,/ovens
Peptide Synthesis Vessels,/peptide-synthesis-vessels
pH Meters & Probes,/ph-meters-and-probes
Pilot Plant Reactors,/pilot-plant-reactors
Pipets,/pipets
Plate Glass,/plate-glass
Porcelain Products,/porcelain-products
Pressure Vessels,/pressure-vessels
Pumps,/pumps
Quartz Products,/quartz-products
Rack,/rack
Reaction Blocks,/reaction-blocks
Reactor Systems & Equipment,/reactor-systems-and-equipment
Screw Caps & Pouring Rings,/screw-caps-pouring-rings
Solid Phase Extraction Equipment,/solid-phase-extraction-equipment
Spatulas,/spatulas
Spill Trays,/spill-trays
"Stands, Reactor Support",/stands-reactors-support
"Stir Bars, Magnetic",/stir-bars-magnetic
"Stirring, Shaking & Mixing Equipment",/stirring-shaking-and-mixing-equipment
Stopcocks,/stopcocks
"Stoppers, Septum & Closures",/stoppers-septum-and-closures-laboratory
Sublimation Apparatus,/sublimation-apparatus
Syringe Pumps,/syringe-pumps
Syringes,/syringes
Temperature Controllers,/temperature-controllers
Thermocouples & PT100 Sensors,/thermocouples-and-pt100-sensors
Thermometers,/thermometers-1
Tools,/tools
"Tubing, Fittings and Hose",/tubing-fittings-and-hose
Tweezers & Forceps,/tweezers-forceps
UV Lamps,/uv-lamps
Vacuum,/vacuum
Valves,/valves
Watch Glass,/watch-glass
Weighing Boats/Dishes,/weighing-boats-dishes
